,标题,价格,销量,店铺,店铺信誉分,等级
244,官方Xiaomi/小米 Redmi 7红米7a新手机小米7x全面屏红米7pro正品,668,1443,heatlinda,4.80853,不值得 
248,降价当天发 Xiaomi/小米 Redmi Note 7新手机小金刚6红米note7pro,978,1410,品牌机批发店,4.78068,不值得 
117,【3期免息券后价2098元起】Meizu/魅族 16th骁龙845 超窄边框全面屏 屏下指纹解锁 双摄拍照旗舰手机,2298,2608,魅族官方旗舰店,4.81986,不值得 
322,【新款上市】OPPO A9 oppoa9手机全新机新款oppoa9手机限量超薄oppoa5手机 a7x r11oppor15x 0ppok1r9 0pp0a9,1399,1121,oppo平实专卖店,4.92993,不值得 
292,OUBOO Q98正品路虎三防智能手机全网通军工老年人机超长待机大声,369,1218,添富数码广场,4.90005,不值得 
35,【赠99元圈铁耳机】Xiaomi/小米 小米9SE骁龙712全面屏米9拍照游戏智能手机4800万三摄K20指纹8se红米Note7P,1999,9500,小米官方旗舰店,4.87582,一般
327,直降300元 送哈曼音箱 手环 官方vivo IQOO新品vivoiqoo爱酷手机iqoo限量版iq00艾酷vivox23 x27 x30骁龙855,2798,1112,京联通达数码旗舰店,4.87786,不值得 
1,【4G全网通】纽曼 M560老人机超长待机直板女款大屏大字大声移动电信版老年手机正品联通学生功能按键小手机,69,60000,创于佳讯数码专营店,4.87662,值得
92,创星（手机） Z9翻盖手机老人机超长待机电信版老年手机大字大声正品天翼儿童机诺基亚学生手机只可以打电话,118,3308,慕尚年华数码专营店,4.85493,一般
72,纽曼 R15超薄迷你卡片手机移动电信小学生手机女生男生非智能戒网瘾手机超长待机可爱儿童直板网红小手机正品,135,4267,纽曼世腾专卖店,4.82293,一般
308,小辣椒 V5金属迷你袖珍手机超长待机大字大声电信老年机男女款老人机直板按键儿童小手机学生备用机卡片手机,99,1162,友欣数码专营店,4.91539,不值得 
12,【抢券低至8058元】Apple/苹果 iPhone Xs Max 256G 全网通4G手机双卡双待苹果iphonexsmax,9088,20000,苏宁易购官方旗舰店,4.89433,值得
136,Apple/苹果 iPhone XR 苹果xr 6.1寸iphonexr双卡双待iphonex手机,3200,2213,大麦时尚馆,4.97354,不值得 
255,Apple/苹果 iPhone XR 苹果xr iphonexr xs max 双卡4G美版手机8X,3549,1368,中华淘购网店,4.95849,不值得 
302,OBXIN/欧博信OX2全网通4G智能全面屏6.5寸水滴面部解锁一体手机x,299,1191,华米企业店,4.87659,不值得 
98,正品DOOV/朵唯V33全面屏全网通4G老年智能手机大字大声大屏学生价老人机超长待机安卓电信版超薄备用双卡双待,299,3130,芝林数码专营店,4.96468,一般
320,纽曼V7儿童手机小学生超小超薄迷你可爱非智能男女款直板正品老人机汽车跑车移动电信版戒网备用卡片网红手机,75,1130,炜广天成数码专营店,4.83138,不值得 
132,官方Xiaomi/小米 redmi note 7 pro新手机a红米Note7Pro小金刚k20,1478,2241,品牌机批发店,4.78068,不值得 
137,【12期免息赠手环】vivo S1pro 4800万广角夜景三摄全面屏全网通智能4G限量版官方手机vivos1 s1 X27 iqoo s,2498,2210,vivo官方旗舰店,4.88112,不值得 
259,Samsung/三星 Galaxy S10+ SM-G9750 S10e港版手机港行联保s10e,4098,1356,蘑菇家的木耳,4.95522,不值得 
318,Apple/苹果 iPhone XR 国行港版苹果 iphonexr手机XR美版有锁XS,3399,1135,小唐1688,4.86347,不值得 
33,纽曼 L8S军工三防老人机超长待机大字大声大屏老年手机移动电信版老人手机正品学生女款功能按键直板小备用机,58,10000,深圳易乐购数码专营店,4.84263,值得
175,【 3期免息】OPPO A5全面屏AI双摄美颜长续航手机官方正品旗舰店oppoa,799,1846,苏宁易购官方旗舰店,4.89433,不值得 
28,【6.1限时优惠300元 1099元起】OPPO K1屏幕指纹全面屏拍照4G智能手机正品学生全网通官方游戏旗舰oppok1,1199,10000,oppo官方旗舰店,4.85593,值得
130,【6.1下单立减50】honor/荣耀 畅玩8C全网通智能手机官网全新正品学生官方旗舰店性能续航学生老人拍照手机,899,2328,苏宁易购官方旗舰店,4.89433,不值得 
181,Philips/飞利浦 E188A真三防户外手机老人手机军工品质超强防水超长待机大字大声大屏老年机持久续航防摔防尘,379,1808,伟业恒通数码专营店,4.9684,不值得 
234,当天发现货送无线充 HUAWEI HUAWEI P30 PRO官方手机p30pro直降价,3399,1482,品牌机批发店,4.78068,不值得 
26,【6月1日享三期免息】realme X 索尼4800万 升降全面屏 VOOC 闪充 3.0 全网通双卡双待正品智能手机,1499,10000,realme官方旗舰店,4.8336,值得
101,Swopy/索品 S1老人机超长待机直板按键女款老年手机大屏大字大声移动电信版老人手机正品学生功能备用小手机,49,3089,索品数码专营店,4.87346,一般
76,Philips/飞利浦 E163K 老人机超长待机直板按键大屏大字大声移动联通2G老年手机军工女款小学生迷你备用机,129,3939,飞利浦官方旗舰店,4.87051,一般
250,vivi v15刘海屏智能手机正品全网通5G网络学生价游戏全新超薄手机,488,1402,噼噼啪啪的哈,4.89153,不值得 
57,Apple/苹果 iPhone XS Max苹果xs max苹果xr美版有锁4G双卡手机8X,4355.01,5000,中华淘购网店,4.95849,一般
17,【抢券低至5448元】Apple/苹果 iPhone X 64G 全网通4G智能手机 苹果X 苹果10 iPhonex,5988,15000,苏宁易购官方旗舰店,4.89433,值得
16,纽曼 l6+老人机超长待机大屏大字大声直板按键移动电信版中老年手机学生正品儿童功能机女天翼三防备用小手机,69,20000,纽曼深圳专卖店,4.87159,值得
68,【6.1-6.2 低至1799 享6期免息】OPPO R17全面屏拍照手机AI智能屏幕指纹官方旗舰店正品oppor17 x23,1999,4410,苏宁易购官方旗舰店,4.89433,一般
330,咨询领券可减370元/6期免息/送无线充】Xiaomi/小米 小米9手机Plus官方旗舰mix3骁龙855透明尊享版红米K20pro,2999,1109,广东电信亿品汇专卖店,4.84214,不值得 
247,Coolpad/酷派 1831-A0全面屏学生价游戏超薄安卓智能手机全网通,489,1439,乐淘猫科技,4.83377,不值得 
133,Philips/飞利浦 E288 三防老人手机直板老人机大字大声大屏老年手机移动联通军工品质持久续航防尘防摔备用机,239,2239,优佳讯数码专营店,4.95185,不值得 
321,官网直降1580元Huawei/华为 Mate 20 Pro手机P30降价mate20x正品,2798,1127,深港通信专卖,4.8813,不值得 
258,花呗0元购 正品水滴全面屏安卓智能游戏学生价手机超薄指纹全网通,103,1361,花十少1106,4.7122,不值得 
301,【6+64G领券低至1269起】当天发+手环 Xiaomi/小米8青春版手机小米官方旗舰店9se红米note7官网正品8seK20pro,1079,1192,三际数码官方旗舰店,4.8495,不值得 
50,Apple/苹果 iPhone XS Max 苹果xs max 苹果XR双卡正品手机8X国行,3742.2,5500,亦儿手机店,4.99017,一般
189,Samsung/三星 GALAXY S8+ plus港版美版s8双卡曲面屏手机SM-G9550,1599,1755,淘吧电讯,4.82966,不值得 
245,酷驰 X23水滴屏学生价超薄大屏游戏安卓智能电信全网通手机正品,388,1443,地球上的智商人,4.61927,不值得 
271,Xiaomi/小米 Redmi K20骁龙 855红米k20pro官方旗舰新手机9大魔王,2199,1276,heatlinda,4.80853,不值得 
48,【一年换新】新Nokia/诺基亚105 手机移动直板按键学生老人备用机 诺基亚 老人手机 诺基亚105 官方旗舰店,139,6000,苏宁易购官方旗舰店,4.89433,一般
41,【6+64G下单低至1299】Xiaomi/小米 小米8 青春版全面屏智能拍照游戏手机学生商务9官方旗舰店正品note7,1499,7000,小米官方旗舰店,4.87582,一般
142,纽曼 F6 移动电信版翻盖老人手机大声大字大屏男女款老年手机超长待机正品军工三防按键学生备用老年机,98,2161,金辉天成数码专营店,4.9097,不值得 
30,纽曼 F9老年机翻盖手机大屏大字大声移动联通4G全网通老人手机超长待机正品男女款电信版老年手机学生老人机,159,10000,慕尚年华数码专营店,4.85493,值得
7,【6.1日赠耳机】Xiaomi/小米 Redmi 7 红米7 骁龙632八核智能拍照手机K20官方旗舰学生老人机note7pro红米6,799,30000,小米官方旗舰店,4.87582,值得
223,12期分期/省540/送900礼Huawei/华为 nova 4e 手机官方旗舰店正品Mate20pro降价p30pro新款3p20 nova4e nova4,1799,1524,同步飞扬数码专营店,4.88018,不值得 
186,【三期免息+碎屏保】华为honor/荣耀 畅玩7智能手机7C/7A老人机8a,489,1760,龙通店,4.77704,不值得 
307,黑鲨2代【直降700】Xiaomi/小米 黑鲨游戏手机 2骁龙855黑鲨3代2,2849,1163,wezebaba,4.81833,不值得 
122,【6期免息 最高直降300】Huawei/华为 nova4极点全面屏超广角三摄高清易烊千玺代言华为官方旗舰店铺正品手机,2499,2555,苏宁易购官方旗舰店,4.89433,不值得 
193,Samsung/三星 GALAXY S9+plus三星手机港版盖乐世s9原装正品全新,1368,1740,ziyo数码,4.88842,不值得 
23,【领券低至2399元】华为HONOR/荣耀V20新品全视屏麒麟980处理器4800万AI摄影智能游戏学生手机10官网,2699,10000,荣耀官方旗舰店,4.84742,值得
158,现货【6期免息】Huawei/华为 nova 4 手机官方旗舰店nova4e官网p30 pro新款降价mate20正品nova3i学生手机12,2499,1990,京合旗舰店,4.86087,不值得 
104,【12期免息丨赠移动电源】 Meitu/美图 T9美图T9手机新款双卡双待美颜拍照手机 美图手机正品,1499,3024,美图旗舰店,4.75183,一般
107,【立减50】华为HONOR/荣耀 畅玩7全面屏手机智能手机官方旗舰店官网全新机正品老人机老年机老年手机全网通,599,2919,荣耀官方旗舰店,4.84742,不值得 
265,Philips/飞利浦 E256S 翻盖老人机大字大声大屏超长待机老年手机男女款移动 双卡双待按键学生备用机诺基亚,288,1315,华宇广诚数码专营店,4.94894,不值得 
185,纽曼 L9全网通三防老年手机超长待机移动电信大字大声老人手机大屏正品老年机军工路虎诺基亚学生直板老人机,289,1761,宸欣数码专营店,4.98723,不值得 
337,vivo iQOO全新正品手机官网 vivoiqoo限量版 voviiqoo iq00骑士黑 x30 vivoiq 爱酷艾酷游戏手机骁龙855 bbk,2798,1081,首佳誉数码专营店,4.90391,不值得 
226,魅族note8【立省420元+送599元耳机/电源18壕礼】Meizu/魅族 note8手机官方旗舰店魅蓝v8高配版note6 8 note9,725,1511,魅族得者淘专卖店,4.79122,不值得 
293,OBXIN/欧博信 OX2全网通全面屏刘海水滴面部解锁一体机8G运行手机,189,1218,紫色角洛,4.9656,不值得 
31,Changhong/长虹 L9老人机超长待机移动老年手机学生女超薄直板老年机小手机大屏大字大声功能机电信老人手机,99,10000,慕尚年华数码专营店,4.85493,值得
249,纽曼X8迷你手机全网通4G微型卡片手机移动联通电信超薄触屏网红袖珍男女学生备用安卓小手机智能,399,1403,纽曼汇融通达专卖店,4.86473,不值得 
241,华为honor/荣耀 荣耀8全新全网通电信正品 9青春版8x智能4G手机,739,1453,缤琪斯,4.89253,不值得 
70,【64GB优惠高达300元】华为HONOR/荣耀 荣耀8X MAX官网全新正品智能商务大屏全面屏手机官方旗舰店学生音乐,1699,4319,荣耀官方旗舰店,4.84742,一般
360,现货Xiaomi/小米 小米9SE小米9se全面屏尊享布朗熊限量版新手机,1799,1001,heatlinda,4.80853,不值得 
339,【抢券立减】Xiaomi/小米 小米8 青春版全面屏智能拍照游戏手机学生机小米官方旗舰正品小米9 小米8,1099,1075,苏宁易购官方旗舰店,4.89433,不值得 
225,降价Xiaomi/小米 小米9透明九SE故宫版尊享探索plus手机10骁龙855,2499,1511,品牌机批发店,4.78068,不值得 
238,天语 I10迷你智能手机学生女超小超薄全网通4G移动电信版最小卡片袖珍抖音同款男网红小手机曲面屏备用新款型,499,1460,优机汇数码专营店,4.90738,不值得 
6,【61开门红·64G购机直降150】Huawei/华为 畅享9 Plus 全面屏超清大屏四摄学生智能手机畅享9p,1249,30000,华为官方旗舰店,4.89257,值得
184,分期免息Apple/苹果 iPhone X苹果x国行iphonex手机全网通现货,4400,1775,饼干和面包,4.97522,不值得 
218,Apple/苹果 iPhone X 苹果X iphonex 苹果x 国行 美版X 4G手机,4900,1565,吴继勇2013,4.95622,不值得 
153,【当天发/6期免息/送20重礼】Huawei/华为 P30 手机官方旗舰店正品p30pro降价mate20x/nova4e/p20pro直降官方,3988,1998,同步飞扬数码专营店,4.88018,不值得 
230,Philips/飞利浦 E331K 直板按键手机老人机大屏大字大声超长待机老年机移动,189,1495,飞利浦手机官方旗舰店,4.89138,不值得 
152,【当天发/6期免息/送20重礼】Huawei/华为 P30手机官方旗舰店正品p30pro降价mate20x/nova4e/p20pro直降官方,3988,1998,同步飞扬数码专营店,4.88018,不值得 
349,【6期免息】新品华为HONOR荣耀20全面屏超广角AI四摄麒麟980芯片智能手机正品官方旗舰手机,2699,1045,苏宁易购官方旗舰店,4.89433,不值得 
205,【下单低至7288元】Apple/苹果 iPhone X 256G全网通智能手机苹果10 原封正品iPhonex iPhone10,7588,1659,苏宁易购官方旗舰店,4.89433,不值得 
21,【低至849】华为HONOR/荣耀畅玩8C全面屏手机4G全网通手机智能手机全新手机正品学生手机官方旗舰店备用手机,899,15000,荣耀官方旗舰店,4.84742,值得
88,【爆款直降10元】Nokia/诺基亚 新105 长待机直板按键功能机 经典迷你学生老年老人备用小手机 官方正品,139,3515,诺基亚手机官方旗舰店,4.81227,一般
162,纽曼C18 军工三防老年手机超长待机老人手机大字大屏大声老人机电信移动联通版老年机户外手机学生手机全网通,58,1975,嘉宇金成数码专营店,4.92681,不值得 
328,华为HONOR/荣耀play4G全网通青春学生游戏手机荣耀官方旗舰店双摄新pIay星云紫 6+64GB,1699,1110,荣耀官方旗舰店,4.84742,不值得 
295,优惠850当天发送好礼Huawei/华为 P30 Pro手机官方旗舰店/华为P30pro直降价正品P20新款华为mate20pro/nova4e,5488,1207,能良数码官方旗舰店,4.8545,不值得 
148,【全新官方正品】DOOV/朵唯V31C移动联通4G老人老年智能超薄手机学生价女性5G大屏大字超长待机网络新手机,289,2078,移联翼数码专营店,4.94714,不值得 
40,正品K-Touch/天语 L660老人机翻盖手机老年机超长待机老人手机大声大屏大字移动电信版男女学生军工三防备用,119,7500,创佰亿数码专营店,4.91166,一般
278,Samsung/三星 GALAXY S8 SM-G9500新款盖乐世S8+plus三网通4G手机,1498,1255,沈建伟1994,4.96411,不值得 
312,Samsung/三星 Galaxy S10+ SM-G9750 三星S10港行港版 韩版手机,3558,1150,肥鹏展翅,4.90359,不值得 
79,Xiaomi/小米 小米9透明九se故宫版10尊享探索plus新手机骁龙855,2699,3813,heatlinda,4.80853,一般
8,【1-2日券后1499】Xiaomi/小米redmi note 7 pro 红米索尼4800万智能老年学生商务大电量手机k20官方旗舰店9,1599,25000,小米官方旗舰店,4.87582,值得
71,Neken/尼凯恩 EN3C正品三防军工直板超长待机 移动电信版老年机老人手机女款学生大屏大字大声按键备用小手机,99,4273,尼凯恩旗舰店,4.88192,一般
315,【6.1限时优惠400元 1599起】OPPO R15x 全网通屏幕指纹手机全面屏美颜旗舰正品4Goppor15x冰萃银 6+128GB,1699,1143,oppo官方旗舰店,4.85593,不值得 
216,【495起】Huawei/华为 畅享8e华为官方旗舰店正品手机畅享9 9Plus手机老年智能老人机荣耀9i畅玩7 x 8e青春版,495,1578,八连星手机专营店,4.77617,不值得 
81,纽曼 N99三防军工直板老人机老年手机超长待机大屏大字大声移动电信老人手机正品女款学生功能按键备用小手机,58,3727,德隆兴盛数码专营店,4.90146,一般
209,免息直降520元华为p30pro官网HUAWEI HUAWEI P30官方旗舰手机降价,3508,1623,国货平价网,4.86852,不值得 
9,【限时优惠200元】华为HONOR荣耀8X全面大屏幕指纹解锁智能游戏青春学生新手机老年人电话机官方网旗舰店,1199,25000,荣耀官方旗舰店,4.84742,值得
4,【61开门红·旗舰新品 6期免息】Huawei/华为 P30全面屏超感光徕卡三摄变焦双景录像980芯片智能手机p30,3988,40000,华为官方旗舰店,4.89257,值得
347,YEPEN/誉品 YP99超长待机4G全网通网络 移动联通电信按键直板智能正品三防备用男女新功能户外老年机老人手机,238,1050,誉品旗舰店,4.89507,不值得 
283,直降1590正品官方Huawei/华为 Mate 20 Pro全面屏手机P30降价20X,2798,1245,深圳一航,4.88613,不值得 
197,官网现货OnePlus/一加7pro手机官方旗舰一加手机7t1+7pro 1加7pro,2999,1692,wezebaba,4.81833,不值得 
195,正品coolpad/酷派酷玩7c学生价指纹一体智能手机全网通全面屏超薄游戏8官方旗舰店7官网老人老年5网络新手机g,499,1703,蒙奇数码专营店,4.82843,不值得 
263,【6.1日领券减80元+送手环】Xiaomi/小米 红米7手机小米官方旗舰店redmi7A正品5新款note7pro6学生8老人7plus,699,1331,三际数码官方旗舰店,4.8495,不值得 
194,可减386元/当天发/Huawei/华为 畅享9 PLUS官网官方旗舰店正品手机新款荣耀8X畅想9P/9s/mate20/nova4/P30pro,1199,1704,能良数码官方旗舰店,4.8545,不值得 
87,纽曼 V7儿童手机小学生直板老人机可爱女款男迷你汽车跑车非智能按键移动电信版超薄老年正品卡片戒网小手机,75,3629,纯林伟业数码专营店,4.80525,一般
242,【12期免息 全场加赠灯光音响】OPPO Reno 全面屏全网通4800万超清智能拍照手机官方旗舰正品 K1R17R15,2999,1452,苏宁易购官方旗舰店,4.89433,不值得 
140,小辣椒 新 105全网通4G老人老年手机WiFi版超长待机大字大声大屏老年机正品联通4G直板按键智能机诺基亚电信,158,2192,万诚春数码专营店,4.91468,不值得 
135,优思翻盖老年手机老人机女款男移动电信4G版大屏大字大声超长待机智能军工正品可爱按键学生备用功能机翻盖式,96,2215,优机汇数码专营店,4.90738,不值得 
24,【旗舰新品 保价618】华为HONOR荣耀20全面屏超广角AI四摄麒麟980芯片智能手机正品官方旗舰PRO手机,2699,10000,荣耀官方旗舰店,4.84742,值得
343,翻盖迷你儿童手机可爱卡通男女孩学生超小定位 Taiml/泰美利 K688,128,1063,泉兴时尚数码店,4.70191,不值得 
287,Apple/苹果iPhone XR苹果xr iphonexr xs max双卡4G苹果8手机分期,4217,1236,深圳量今古科技有限公司,4.92742,不值得 
239,到手价1048起 vivo Z3手机限量全新正品vivoz3 z3x u1 y73 93 x23 vivoz3i z1青春版官方旗舰店 z3vivo z bbk,1148,1458,vivo欧曙专卖店,4.92403,不值得 
22,【6月1日至高省200】vivo U1水滴全面屏大电池拍照智能4G官方手机面部指纹双识别vivou1 y73 z1 Z3 iqoo u,749,15000,vivo官方旗舰店,4.88112,值得
166,Philips/飞利浦 E183A老人手机大屏大字大声老年手机超长待机双卡双待按键手机语音王全网通电信老人手机正品,158,1943,金蛇数码专营店,4.9644,不值得 
0,【抢券低至4548元起】Apple/苹果 iPhone XR 全网通4G手机双卡双待 苹果iPhoneXR 苹果xr,5288,90000,苏宁易购官方旗舰店,4.89433,值得
207,6期免息+直降200元/华为honor/荣耀 荣耀10青春版全面屏手机降价官方旗舰店V20官网128G新款v10荣耀20i上市11,1299,1645,三际数码官方旗舰店,4.8495,不值得 
147,Samsung/三星 GALAXY S8+ SM-G9550 盖乐世S8 plus全网通4G手机,1446,2094,ziyo数码,4.88842,不值得 
231,Samsung/三星 Galaxy A70 SM-A7050 4G智能手机 屏下指纹解锁学生全新全网通游戏官方正品拍照手机大容量电池,2499,1492,三星官方旗舰店,4.84885,不值得 
359,索爱 SA-Z9翻盖手机老人机移动电信版老人手机大字体大声天翼新款老年机超长待机大屏学生男女款老年手机正品,172,1002,索爱宝安专卖店,4.92647,不值得 
64,【4G全网通】硕王 S3正品三防军工直板超长待机 移动电信版老年机老人手机女学生大屏大字大声按键备用小手机,49.9,4799,硕王旗舰店,4.9125,一般
281,【4G全网通】小辣椒G2老年手机大字大屏大声正品老人手机超长待机移动联通电信版老人机超薄直板按键学生男女,56,1250,嘉宇金成数码专营店,4.92681,不值得 
294,Apple/苹果 iPhone XS Max 苹果xsmax iphone xs max 双卡4G手机,4250,1217,jeyven,4.86907,不值得 
114,K-Touch/天语超薄超小迷你卡片小手机移动电信全网通4G双卡人脸解锁袖珍学生男女备用网红个性智能手机,449,2718,锦万数码专营,4.87026,不值得 
47,【抢券低至6998元】Apple/苹果 iPhone Xs Max 64G 全网通4G手机双卡双待苹果iPhonexsmax,7888,6000,苏宁易购官方旗舰店,4.89433,一般
269,vivo Z3全新机手机正品 新款 vivoz3官方旗舰店官 新品vivoz4 vivo z3x z3i z1 x21 x23 x20 x30 x7 x9限量版,1148,1278,首佳誉数码专营店,4.90391,不值得 
124,免息降500华为p30pro送无线充HUAWEI HUAWEI P30 PRO官方正品手机,3508,2537,深港通信专卖,4.8813,不值得 
67,【购机赠耳机】Xiaomi/小米 红米Note 7 双摄4800万智能拍照全面屏手机小米官方旗舰正品红米note7 小米9 8,999,4519,苏宁易购官方旗舰店,4.89433,一般
36,【61开门红·购机直降200】Huawei/华为 畅享9 32G全面屏千元高清珍珠屏长续航学生正品智能游戏手机,799,9500,华为官方旗舰店,4.89257,一般
341,全网通老人机超长待机军工三防4G网络移动联通电信版大声老年手机,188,1072,紫向日葵,4.79187,不值得 
86,Apple/苹果 iPhone X 苹果8x 港版4G手机全新iphonexs10 国行美版,4280,3634,周减减,4.96758,一般
351,一加7pro OnePlus/一加 GM1910手机官方旗舰官网7t1+7pro 1加7pro,2999,1034,品牌机批发店,4.78068,不值得 
329,【6期免息】华为honor/荣耀 荣耀10青春版手机官方旗舰店8x正品V20/畅享9plus降价play官网手机20i/9s/nova4e,1299,1110,京合旗舰店,4.86087,不值得 
297,【优惠600元】Nokia/诺基亚 X6 4+64GB 智能全面屏手机长待机 4G全网通双卡双待 旗舰店官方正品,899,1204,诺基亚手机官方旗舰店,4.81227,不值得 
288,正品三防老年智能手机全网通4G超长待机大字大声老人机OUBOO Q98+,299,1233,添财数码广场,4.93011,不值得 
91,顺丰速发【新品】Huawei/华为 畅享9珍珠屏华为官网官方旗舰店nova4i青春版MAXplus/mate20pro超长待机手机,849,3341,小淘器数码专营店,4.87663,一般
355,再领300元券 vivo iQOO游戏手机爱酷艾酷新款 vivoiqoo x21 x23 z3 vivox30 nex幻彩限量版官方旗舰店iq00,2798,1017,茂鹏数码专营店,4.93089,不值得 
110,【3期免息 限时低至1099起】OPPO K1全面屏拍照屏幕指纹美颜骁龙旗舰手机全新官方正品旗舰店oppor17 oppok1,1199,2848,苏宁易购官方旗舰店,4.89433,不值得 
208,当天发+送手环/华为honor/荣耀 荣耀20i手机官方旗舰店新品降价10青春8x畅享11x学生10i上市官网9i特别版V20,1599,1640,三际数码官方旗舰店,4.8495,不值得 
326,Lenovo/联想 K5 pro 6英寸全面屏前后四摄双卡双待全网通手机,848,1115,联想手机旗舰店,4.74825,不值得 
214,Samsung/三星Galaxy S10+ SM-G9750骁龙855五摄超感官全视屏IP68防水全网通4G旗舰游戏全新智能手机官方正品,6999,1588,三星官方旗舰店,4.84885,不值得 
84,【领券立减】Xiaomi/小米 红米Note 7 Pro 索尼4800万智能拍照手机小米官方旗舰正品 小米9 红米note7,1599,3668,苏宁易购官方旗舰店,4.89433,一般
182,官网Xiaomi/小米 Redmi 7 红米7a全面屏7pro官方正品新手机小米7x,668,1801,龙通店,4.77704,不值得 
210,ZTG/中天语 A9卡片手机迷你可爱儿童男女学生移动电信网红小手机,58,1618,朵儿妈的生活,4.89829,不值得 
97,【6.1-6.2领券减100】Meizu/魅族 Note9 高通骁龙675处理器4800万AI双摄大电池学生游戏老人大屏智能手机,1398,3169,魅族官方旗舰店,4.81986,一般
141,【购机赠精品配件】华为HONOR/荣耀荣耀20i新品3200万AI自拍照渐变色官方旗舰店珍珠全面屏学生手机正品赢V20,1599,2189,荣耀官方旗舰店,4.84742,不值得 
257,立省220元 vivo Z3X手机 新品vivoz3限量版 vivoz3x z3x手机vivox21 x9 vivoz3 z1 x23 x30 iqoo vivoz3手机,998,1362,三际数码官方旗舰店,4.8495,不值得 
219,当天发 OPPO A9 oppoa9手机限量版官网 oppo新品a9 oppoa9splus k1 a 3 a5 r17 a7x未来a9s r9s a9x 0ppo旗舰,1399,1547,三际数码官方旗舰店,4.8495,不值得 
296,【6期免息】Huawei/华为 nova4e 手机官方旗舰店p30官网新品nova4/mate20pro/3i/p20/荣耀20正品手机降价了12,1799,1207,京合旗舰店,4.86087,不值得 
240,【最高直降300】Huawei/华为 nova 4e AI超广角三摄全面屏正品智能关晓彤代言手机nova4e,1799,1454,苏宁易购官方旗舰店,4.89433,不值得 
260,【到手价低至4899元起】Apple/苹果 iPhone XR 移动4G+版 苹果xr iphonexr 苹果xr手机iphone xr,4899,1345,中国移动手机官方旗舰店,4.7983,不值得 
201,领300券 vivo iQOO手机 vivoiqoo手机 iqoo限量版 iq00 vivox23 vivo×30 vivox27 x21 x23幻彩 x9爱酷手机,2798,1680,三际数码官方旗舰店,4.8495,不值得 
37,原装正品Neken/尼凯恩 EN8老人机超长待机直板女款大屏大字大声移动电信版老年手机儿童学生功能按键备用机,49,9000,淘杰翔数码专营店,4.90338,一般
85,【优惠高达900元】荣耀NOTE10 华为HONOR/荣耀 官方旗舰店官网大屏幕液冷散热正品吃鸡新款游戏手机Play,1999,3644,荣耀官方旗舰店,4.84742,一般
246,【6期免息】华为honor/荣耀 荣耀8X官方旗舰店正品学生手机官网V20新8Xmax系列10青春版magic2千元霸屏9i降价,1299,1441,京合旗舰店,4.86087,不值得 
115,正品创星（手机）V3超薄卡片手机儿童电信版移动迷你戒网可爱学生男生女生非智能个性袖珍网红超小备用小手机,63,2678,徐州联强数码专营店,4.86752,不值得 
102,K-Touch/天语 T2老人机超长待机直板大屏大字大声老年手机学生功能移动按键手机 官方正品,79,3031,苏宁易购官方旗舰店,4.89433,一般
39,【61开门红·领券减50 买赠华为耳机】Huawei/华为畅享9S华为新品手机2400万三摄超大广角夜拍超级夜景,1499,7500,华为官方旗舰店,4.89257,一般
77,vjvj X21S全面屏学生价安卓超薄游戏指纹智能电信全网通手机正品,398,3907,华信通商城,4.60665,一般
313,纽曼 C9三防手机正品军工全网通电信版老人机超长待机老年机移动老人手机女款学生大屏大字大声按键备用手机,168,1150,创于佳讯数码专营店,4.87662,不值得 
108,纽曼 Q99+正品卡片手机电信移动超薄迷你可爱袖珍直板按键儿童学生戒网男女备用手机网红个性非智能超小手机,63,2886,好易用数码专营店,4.89119,不值得 
111,【限时优惠高达600元】华为HONOR/荣耀V20全视屏新品麒麟980处理器4800万AI摄影智能游戏手机10官网,2899,2793,荣耀官方旗舰店,4.84742,不值得 
183,UniscopE/优思 8S8移动联通电信全网通4G迷你安卓智能超薄超小袖珍男女卡片学生备用网红抖音同款小手机,238,1783,航舰达数码专营店,4.90428,不值得 
236,【12期免息赠智能手环】vivo X27Pro4800万广角夜景三摄8+256G运存正品智能4G手机新品vivoX27 x27pro x27,3998,1464,vivo官方旗舰店,4.88112,不值得 
134,当天发3期免息+送运动手环现货】华为honor/荣耀 荣耀20i全面屏手机官方旗舰店新正品10青春11x降价8x官网V20,1599,2238,广东电信亿品汇专卖店,4.84214,不值得 
306,索爱 Z58翻盖老人手机超长待机大字大声大屏老年手机正品双屏商务老年机男女儿童学生诺基亚迷你三防老人机,168,1171,创基成数码专营店,4.97287,不值得 
251,天语A1超薄迷你卡片手机移动联通小学生手机女生男生非智能戒网手机超长待机可爱儿童直板网红特小手机正品,135,1401,天语强宇专卖店,4.85849,不值得 
280,官方Xiaomi/小米 redmi note 7 pro新红米note7pro小金刚手机k20,1478,1253,龙通店,4.77704,不值得 
352,可减386/当天发/Huawei/华为 畅享9 PLUS官网官方旗舰店正品手机nova4e新款畅想9p荣耀8Xmate20/P30pro降价9s,1199,1030,三际数码官方旗舰店,4.8495,不值得 
324,正品R17超薄6.3学生价游戏安卓智能移动联通电信全网通4G双卡手机,498,1118,海亿实业,4.9056,不值得 
180,官方正品 创星S9C军工三防全网通4G老年手机老人机WIFI版超长待机王大字大声大屏电霸电信联通4G诺基亚经典,228,1812,百灵佳讯数码专营店,4.97648,不值得 
353,【至高省400元】/OPPO A5 oppoa5手机新品 a5oppo手机 oppoa7x a1 oppor17 r15 a83 a7 oppor11s a3 oppor9s,799,1027,能良数码官方旗舰店,4.8545,不值得 
335,官方 Xiaomi/小米 Redmi 7红米7pro小米7x新手机 全面屏note7正品,699,1085,一朵花的记忆,4.83223,不值得 
119,分期免息 Apple/苹果 iPhone XR 苹果iphonexr xs max双卡4G手机8,3789,2603,王牌风范女装,4.96153,不值得 
282,489元起】现货速发Huawei/华为 畅享8e全网通4G全面屏指纹电信正品荣耀畅玩7/7x畅享8e青春智能老人老年手机,489,1249,晋商数码专营店,4.82164,不值得 
191,【6.1-6.2限时直降】Huawei/华为畅享9 Plus全面屏超清屏前后四摄华为官方旗舰智能店铺正品青春学生手机,1249,1746,苏宁易购官方旗舰店,4.89433,不值得 
149,vivo U1 手机正品 vivou1新品千元 vivoy73 x27 y81s y83 y97 x9 vivo×30 y93 vivoz1 z3 vivox23手机官网 U,749,2062,能良数码官方旗舰店,4.8545,不值得 
200,领300券 vivo iQOO手机vivoiqoo手机iqoo限量版 iq00 vivox23 vivo×30 vivox27 x21 x23幻彩 x9爱酷手机,2798,1680,三际数码官方旗舰店,4.8495,不值得 
323,一加7Pro【官网价现货】onePlus7一加7手机旗舰新品1+7Pro GM1910,4199,1120,雨中的百合哈哈,4.79567,不值得 
212,【降128G+亏本冲量】Xiaomi/小米 小米8 青春版手机小米Play 八se,998,1598,一朵花的记忆,4.83223,不值得 
277,全新 vivo S1手机 vivos1手机 新品限量幻彩版 vivox23 x21 vivox27 vovi s1 vivoz3 y93 y97 x30手机 x9 bbk,1798,1256,能良数码官方旗舰店,4.8545,不值得 
275,现货6期免息/华为honor/荣耀 荣耀10青春版手机官方旗舰店官网正品十降价新8x高配6+64G128g最新款学生机v11,1299,1259,蓝港数码专营店,4.83167,不值得 
96,【限时领200券】Meizu/魅族 X8 准旗舰游戏拍照手机 骁龙710 6.2英寸全面屏拍照游戏智能手机学生机老人机,1298,3238,魅族官方旗舰店,4.81986,一般
19,【6月1日至高直降300】vivo iQOO生而强悍高通骁龙855处理器水滴全面屏智能游戏正品手机官网 vivoiQOO iqoo,2798,15000,vivo官方旗舰店,4.88112,值得
52,【6.1限时优惠400元 1799元起】OPPO R17全面屏拍照手机AI智能屏幕指纹美颜4G全网通学生旗舰正品oppor17,1999,5500,oppo官方旗舰店,4.85593,一般
266,到手价699起 vivo U1手机水滴屏全新正品新款 vivou1 z3 z3x y73 y93 y97 z1青春版手机官方旗舰店 vivou1 u,749,1314,vivo欧曙专卖店,4.92403,不值得 
300,【4G全网通】天语 T2S 老人机移动电信版直板按键女款正品联通老年手机大屏大字大声超长待机学生备用功能机,59,1195,恒之源手机专营店,4.88263,不值得 
83,小辣椒 G108正品老人机军工三防老年手机超长待机电信版大屏大字大声定位学生机直板迷你备用小手机按键电话,56,3674,佳宁数码专营店,4.88393,一般
61,【新色上市 6.1 0点预售】OPPO Reno opporeno全面屏正品官方旗舰新品全网通4800万超清拍照智能手机R15 R17,2999,4900,oppo官方旗舰店,4.85593,一般
32,4G全网通天语 T2A老人机超长待机正品老年手机大屏大字大声移动联通电信版天翼直板大按键功能小学生老人手机,69,10000,科音数码专营店,4.9111,值得
146,小辣椒 L9 翻盖手机老人机超长待机大屏大字大声 军工三防老年手机男款商务按键备用机超薄双屏学生机正品,139,2104,友欣数码专营店,4.91539,不值得 
211,【6期免息+送冰箱】华为honor/荣耀 荣耀8X全面屏正品手机8xmax官方旗舰店20i新品x8降价10现货v10畅享9plus,1299,1603,能良数码官方旗舰店,4.8545,不值得 
131,【抢券至高省200赠豪礼】vivo U1水滴全面屏大电池拍照智能学生老人大屏手机官方旗舰店官网正品vivou1 u 新,749,2272,vivo官方旗舰店,4.88112,不值得 
157,现货【6期免息】Huawei/华为 nova 4手机官方旗舰店nova4e官网p30 pro新款降价mate20正品nova3i学生手机12,2499,1990,京合旗舰店,4.86087,不值得 
34,创星S1老年手机老人机超长待机女款男智能大屏大字大声全网通移动电信版正品军工三防大按键学生直板小手机4g,55,10000,炜广天成数码专营店,4.83138,值得
229,【整点购机享好礼】realme X青春版 骁龙710 4045mAh大电池 VOOC闪充 3.0正品智能手机,1199,1497,苏宁易购官方旗舰店,4.89433,不值得 
168,纽曼 S9军工三防老人机移动联通电信全网通大字大声大屏直板按键功能机备用老年人手机超长待机天翼正品,248,1929,纽曼鹏宇佳业专卖店,4.93983,不值得 
13,【抢券低至8058元】Apple/苹果 iPhone Xs Max 256G 全网通4G手机 双卡双待苹果iphonexsmax,9088,20000,苏宁易购官方旗舰店,4.89433,值得
53,【抢券最高省450 1048起】vivo Z3全面屏高通骁龙710AIE处理器全网通智能4G手机vivo官方旗舰正品vivoz3 Z3 z,1148,5500,苏宁易购官方旗舰店,4.89433,一般
267,DOOV/朵唯 V31S全网通4G移动联通电信全面屏老年老人大字智能手机,289,1291,彩虹色的蜻蜓,4.85205,不值得 
45,纽曼 W560儿童手机 小学生直板可爱男女款迷你按键移动电信版正品非智能手表老人机棒棒机备用老年机卡片手机,78,6500,深圳易乐购数码专营店,4.84263,一般
169,新品【当天发+直降100】Huawei/华为 畅享9华为官方旗舰店官网正品畅想9plus手机nova3荣耀8x新款mate20免息4,899,1924,蓝港数码专营店,4.83167,不值得 
261,【到手价低至4899元起】Apple/苹果 iPhone XR 移动4G+版 苹果xr iphonexr 苹果xr手机 iphone xr,4899,1345,中国移动手机官方旗舰店,4.7983,不值得 
170,【新品上市】一加7Pro手机全新正品OnePlus7pro 骁龙855 一加七 6t 1+7T 一加7手机官方旗舰店官网 一加7pro,4579,1890,一加创华威专卖店,4.86775,不值得 
204,6期免息/优惠850元送礼当天发Huawei/华为 P30 Pro 手机官方旗舰店正品p30pro降价mate20x官网直降nova4e/p20,5488,1672,同步飞扬数码专营店,4.88018,不值得 
144,新品【6期免息+送900元礼】Huawei/华为 nova 4e 官方旗舰店手机正品nova4e官网Mate20pro降价p30pro/荣耀p20,1799,2130,蓝港数码专营店,4.83167,不值得 
38,正品Nokia/诺基亚 新105老人机移动4G超长待机直板按键大字大声经典老年机学生儿童备用迷你小手机官方旗舰店,139,8000,天讯蓝图数码专营店,4.856,一般
99,可省800元 vivo Z3手机 新品vivoz3限量版 vivox27 vivoz3 手机vivox21 z1 vivoz3i vivoz4 x9 vivox23手机,1148,3118,三际数码官方旗舰店,4.8495,一般
156,【 6.1-6.2号32G限时直降200】HUAWEI /华为 畅享9 珍珠屏长续航千元华为官方旗舰智能店铺正品学生手机,799,1991,苏宁易购官方旗舰店,4.89433,不值得 
89,现货Apple/苹果 iPhone XR 苹果xr iphonexr美版国行手机iphone8x,3500,3449,华优数码6405,4.91779,一般
150,YEPEN/誉品 N2卡片手机超薄非智能迷你超小袖珍学生男女备用移动电信个性网红小手机同款儿童戒网瘾正品直板,130,2055,酷泽数码专营店,4.88966,不值得 
305,优惠1150送1000礼12期分期Huawei/华为 nova 4 华为nova4e 官方旗舰店Mate20pro正品p30pro新款p20手机降价30,2499,1179,三际数码官方旗舰店,4.8495,不值得 
268,【4G全网通】Neken/尼凯恩 w2018老年手机超长待机老人手机翻盖手机老人机大屏大字大声老年机移动电信版正品,109,1284,世光创展数码专营店,4.91107,不值得 
361,vivl v17刘海屏全网通4G超薄学生价吃鸡游戏安卓智能一体手机正品,188,1001,易风卖场,4.68257,不值得 
284,【抢券低至6488元】Apple/苹果iPhone Xs 64G移动联通电信全网通4G手机 苹果iPhonexs,7288,1242,苏宁易购官方旗舰店,4.89433,不值得 
348,【支持微信视频】小辣椒 新105 全网通4g老年机超长待机老人手机大屏大字大声直板按键智能老人机联通电信版,188,1047,九方光电数码专营店,4.9566,不值得 
75,至高省300元 2小时闪发 vivo U1手机全面屏vivou1官方旗舰店 y73 vivoy93 y97 vivoz3 z1 x21 x23 x9 vovi u1,749,3941,茂鹏数码专营店,4.93089,一般
112,6期免息+送冰箱/华为honor/荣耀 荣耀8X全面屏手机官方旗舰店学生v10降价11x畅享官网10青春三际20i新品20pro,1299,2786,三际数码官方旗舰店,4.8495,不值得 
309,Philips飞利浦 E289老人机超长待机老年手机移动联通电信版备用机大屏大字大声功能机按键智能小手机全网通4G,379,1155,普华锦讯数码专营店,4.90736,不值得 
272,纽曼 V1老人机老年手机超长待机正品超薄直板按键大屏大字大声移动电信版老人手机功能女学生天翼备用小手机,58,1271,德隆兴盛数码专营店,4.90146,不值得 
42,【12期免息赠智能手环】vivo X27 4800万广角夜景三摄8+256G大运存全网通正品智能4G手机vivoX27 x27 x23,3198,6500,vivo官方旗舰店,4.88112,一般
56,Philips/飞利浦 E258S 直板老人机大字大声大屏超长待机老年手机男女款移动 双卡双待按键学生备用机诺基亚,154,5500,蒙帝鸿运数码专营店,4.96873,一般
69,【享6期免息】Xiaomi/小米 小米9SE 骁龙712水滴全面9屏拍照游戏智能手机4800万三摄官方旗舰正品 小米9,1999,4327,苏宁易购官方旗舰店,4.89433,一般
126,【限时限量低价抢】Apple/苹果 iPhone 7 Plus 32G 全网通4G手机iPhone7plus,3399,2507,苏宁易购官方旗舰店,4.89433,不值得 
43,【抽奖立减300】realme X青春版 骁龙710 4045mAh大电池 VOOC 闪充 3.0 2500万自拍 全网通正品智能手机,1199,6500,realme官方旗舰店,4.8336,一般
159,【6.1-2日赠耳机】Xiaomi/小米 Redmi 7 红米7骁龙632八核双摄智能拍照水滴屏手机官方旗舰note7P老人学生机,799,1988,小米官方旗舰店,4.87582,不值得 
160,长虹 GA528 老人机超长待机正品直板大屏大字大声移动电信版老年手机男女款学生儿童功能大按键备用小手机,148,1987,菜谱数码专营店,4.96528,不值得 
103,【12期免息丨赠移动电源】 Meitu/美图 T9美图T9手机新款双卡双待美颜拍照手机美图手机正品,1499,3024,美图旗舰店,4.75183,一般
179,Neken/尼凯恩 w2018老人机翻盖手机大屏大字大声老人手机移动联通老年手机超长待机男女款正品老年机电信学生,118,1819,贝之心数码专营店,4.85882,不值得 
118,官方Xiaomi/小米 Redmi Note 7红米note7pro新手机6a小金刚 k20,978,2607,heatlinda,4.80853,不值得 
346,Nokia/诺基亚 3.1Plus 全网通4G 大屏双摄 拍照手机 诺基亚手机 nokia3.1plus 诺基亚3.1plus 官方正品手机,679,1055,苏宁易购官方旗舰店,4.89433,不值得 
217,【3期免息 限时低至1799】OPPO R17全面屏拍照手机AI智能屏幕指纹4G全官方旗舰店正品oppor17,1999,1568,苏宁易购官方旗舰店,4.89433,不值得 
289,vivo y67全网通手机指纹 vivoy67手机Y66手机美颜拍照VIVO Y67,536,1230,世纪红通讯7,4.59744,不值得 
161,【影视会员+耳机】Xiaomi/小米 红米6a 新手机红米6小米7x 5a,488,1977,给力不坑爹,4.80381,不值得 
90,新品【当天发+送智能手表】Huawei/华为 畅享9 PLUS官方旗舰店官网正品nova3/4e手机mate20畅想9plus新荣耀8x,1199,3344,蓝港数码专营店,4.83167,一般
27,【6+64GG限时优惠300元】华为HONOR/荣耀10青春版V珍珠全面屏渐变色双卡双待全网通学生手机20官方旗舰店,1299,10000,荣耀官方旗舰店,4.84742,值得
357,抢券减300元 全新vivo iQOO骁龙855官方旗舰店官网 vivoiqoo x23 vovi×30 vivoiq骑士黑 iq00手机限量版bbk,2798,1014,vivo航鹰专卖店,4.91975,不值得 
220,【1号0点下单立减100】华为honor/荣耀 荣耀play游戏青春学生智能全面屏全新手机官方旗舰店paly,1699,1543,苏宁易购官方旗舰店,4.89433,不值得 
253,红米6A-官方正品Xiaomi/小米 红米6a 全面屏老人拍照手机红米6a手机5A升级版7PRO红米note7红米6a手机全网通,498,1383,岸越数码专营店,4.81577,不值得 
256,官方降价820元华为HUAWEI Nova 4全面屏高配版p30手机降价nova4e,1448,1363,深港通信专卖,4.8813,不值得 
227,OBXIN/欧博信 OX2全网通全面屏刘海水滴面部解锁一体机8G运行手机,318,1502,亚米村,4.93857,不值得 
215,分期Apple/苹果 iPhone XS Max 苹果xs max 苹果XR美版有锁手机8P,4599,1586,中华淘购网店,4.95849,不值得 
125,Philips/飞利浦 E163K 老人机超长待机直板按键大屏大字大声移动联通2G老年手机军工女款小学生迷你备用机,135,2516,苏宁易购官方旗舰店,4.89433,不值得 
176,军工三防老人机超长待机全网通电信联通4G老年手机新路虎时代k968,67.2,1845,紫向日葵,4.79187,不值得 
299,小米有品多亲AI手机qin 1s+功能电话移动联通电信4G全网通按键智能可上微信超长待机小爱同学直板学生老年机,379,1195,飞可盈数码专营店,4.80333,不值得 
345,【抢券省250赠好礼】vivo Z5x 5000mAh大电池AI三摄骁龙710旗舰性能全面屏4G手机vivoz5x Z5X Z5 vivoz3 Z3,1398,1055,苏宁易购官方旗舰店,4.89433,不值得 
243,可省220 VIVO Z3X 全新vivoz3x手机 vivo新品限量版 vivox27 z1青春 z4 z3 y93 x9 x23 vivoz3i手机官网正品,998,1448,能良数码官方旗舰店,4.8545,不值得 
55,【18个月长质保】Xiaomi/小米 红米7 骁龙632双摄智能拍照水滴屏手机小米官方旗舰正品小米9 红米note7,799,5500,苏宁易购官方旗舰店,4.89433,一般
63,Apple/苹果 iPhone XR iPhonexr 苹果xs max双卡美版国行手机,4220,4810,哦了个可可,4.97661,一般
151,【爆款直降200】OPPO K1 oppok1手机新款全面屏超薄正品oppo新品 k1 oppor15 r17 r15x a7x r11 a3 k1新品 a9,1199,2035,oppo欧曙专卖店,4.92679,不值得 
109,皓轩 H5军工三防老人机超长待机女款大屏大字大声直板按键移动电信版老年手机正品学生功能天翼备用小手机,38.8,2872,皓轩手机旗舰店,4.93298,不值得 
190,ZTG/中天语 T668正品超小迷汽车跑车移动电信版卡片儿童手机学生,55,1748,bin111bin,4.83965,不值得 
174,【抢券低至7588元起】Apple/苹果 iPhone Xs 256G/512G 移动联通电信全网通4G手机 官方正品苹果iPhoneXs,8688,1857,苏宁易购官方旗舰店,4.89433,不值得 
228,至高可省800元 2小时闪发 vivo Z3手机 新品vivoz3限量版 手机vivoz1 x9 x21 x23官方旗舰店 vivo iqoo z3i,1148,1500,茂鹏数码专营店,4.93089,不值得 
3,Neken/尼凯恩 EN3正品4G全网通老人机超长待机三防军工直板老年手机大屏大字大声移动电信版学生按键女小手机,49,45000,尼凯恩旗舰店,4.88192,值得
354,【61开门红·买赠华为耳机】Huawei/华为 畅享8 全面屏后置双摄官方正品智能千元学生手机,1199,1022,华为官方旗舰店,4.89257,不值得 
100,纽曼 S9全网通4G三防老年老人智能手机老年机超长待机电信大字大声大屏军工路虎诺基亚正品电霸老人机联通4G,248,3105,佳佳购数码专营店,4.95399,一般
178,【4000mAh大电量】Xiaomi/小米 红米Redmi Note 7 骁龙660双摄4800万智能千元水滴屏手机官方旗舰店红米note,1199,1822,小米官方旗舰店,4.87582,不值得 
18,【六期免息！6+128G赠无线充电宝】Xiaomi/小米小米9骁龙855全面屏索尼4800万拍照游戏手机官方旗舰redmi K20,2999,15000,小米官方旗舰店,4.87582,值得
202,纽曼 F8翻盖老人手机备用手机大字大声正品老年机超长待机男女款老人机大按键移动电信版军工三防老年手机,136,1675,一号线数码专营店,4.92497,不值得 
304,尼凯恩EN8 PLUS老人机超长待机直板女款大屏大字大声移动联通电信版老年手机正品三防儿童小学生迷你按键备用,59,1180,网能恒业数码专营店,4.92713,不值得 
192,分期免息Apple/苹果 iPhone X 苹果x手机苹果8x国行iphonex全网通,3850,1745,双喜520025,4.98201,不值得 
332,X23水滴屏学生超薄游戏5g网络新手机全网通4G智能手机8G运行128G,228,1107,诚信快乐淘开心,4.94033,不值得 
82,【6.1-6.2 限时6期免息】Huawei/华为P30麒麟980芯片4000万徕卡三摄超感光录像全面屏时尚手机p30,3988,3695,苏宁易购官方旗舰店,4.89433,一般
20,【抢券省250赠礼】vivo Z5x极点全面屏超广角三摄高通骁龙710处理器智能手机官方正品新品vivoz5x z5 z3,1398,15000,vivo官方旗舰店,4.88112,值得
95,畅享9官网 降价320元HUAWEI 畅享9 华为畅享9plus手机8 畅享9S 9e,618,3275,国货平价网,4.86852,一般
128,【抢先加购】Xiaomi/小米 红米6A智能AI老人学生拍照手机5A升级8周年官方旗舰店正品全网通红米6a,549,2457,苏宁易购官方旗舰店,4.89433,不值得 
106,【12期免息 抢券至高省600】vivo iQOO生而强悍高通骁龙855处理器全面屏智能游戏手机官网正品vivoiQOO iqoo,2798,2958,苏宁易购官方旗舰店,4.89433,不值得 
171,免息直降510华为p30pro送无线充HUAWEI HUAWEI P30 PRO价官方手机,3508,1884,赛西湖,4.90255,不值得 
311,顺丰现货发139起【送耳机壳膜】 Nokia/诺基亚 新105老人机移动联通功能机大字老年学生备用迷你小手机经典款,139,1152,三际数码官方旗舰店,4.8495,不值得 
120,【抢券至高省200 699起】vivo U1水滴全面屏大电池拍照智能4G官方正品手机指纹双识别vivou1 y73 z1 Z3 iqoo,749,2595,苏宁易购官方旗舰店,4.89433,不值得 
188,小米全网通多亲ai手机微信老年qin1s+按键直板小爱同学电信老人机,259,1756,yang18676753349,4.90478,不值得 
285,新款5G全网通4G网络手机智能学生游戏水滴屏超薄指纹正品VIVI V18,468,1242,盛豪数码zjs,4.89979,不值得 
25,【61开门红·最高直降300】Huawei/华为 nova4e AI超广角三摄全面屏正品智能关晓彤代言手机nova4e,1799,10000,华为官方旗舰店,4.89257,值得
199,【3期免息 抢券减100！】OPPO K3骁龙710屏幕指纹升降全面屏全网通拍照4G智能手机正品官方游戏oppok3 k1,1599,1684,苏宁易购官方旗舰店,4.89433,不值得 
331,可减274当天发12期Huawei/华为 畅享9 全网通官网官方旗舰店正品手机畅想9plus/nova4荣耀8xmate20免息p30pro,849,1107,三际数码官方旗舰店,4.8495,不值得 
221,Philips/飞利浦 E188A三防手机老年手机超长待机手机大字大声音老人机防水军工正品手机直板功能手机学生手机,399,1529,金蛇数码专营店,4.9644,不值得 
213,【6月1日券后2299】Xiaomi/小米 小米8屏幕指纹版米9全面屏拍照游戏手机8SE学生机9se小米官旗青春版Note7P,2499,1594,小米官方旗舰店,4.87582,不值得 
116,小辣椒G2老人机超长待机老年手机大屏大字电信女款移动老人手机大声按键手机全网通正品学生备用小手机,56,2670,世光创展数码专营店,4.91107,不值得 
206,可省400 OPPO K1 oppok1手机全新机限量超薄官网 oppo新品k1 k5 a3 oppor17 r15 r11 a5 a7x a9 a9x 0ppo旗舰,1199,1653,三际数码官方旗舰店,4.8495,不值得 
129,现货速发Samsung/三星 Galaxy S10+ SM-G9750三星S10港行港版手机,3298,2402,中华淘购网店,4.95849,不值得 
51,【6期免息】Xiaomi/小米 小米9 骁龙855全面屏索尼4800万三摄指纹游戏手机小米官方旗舰正品小米9se 9,2999,5500,苏宁易购官方旗舰店,4.89433,一般
172,立减200元仅998起 vivo Z3x 全新官方旗舰店正品 vivoz3限量版vivoz3x手机vivox21 z4 vivox23 vivoz3x z,998,1877,同步飞扬数码专营店,4.88018,不值得 
290,当天发/6期免息/Huawei/华为 P30 官网官方旗舰店正品手机p30pro降价mate20pro/nova4/3i/4e/p20pro新款p30p,3988,1223,三际数码官方旗舰店,4.8495,不值得 
222,咨询可优惠/6期免息/华为honor/荣耀 荣耀8X官方正品旗舰学生手机官网全面屏max系列6+64G128g新品11x降价20i,1299,1528,蓝港数码专营店,4.83167,不值得 
127,【6.1抢券省300 898起】vivo Z3x全面屏智能双摄全网通4G官方旗舰正品全新手机vivoz3 z3 z1 z3x u1 z,998,2480,苏宁易购官方旗舰店,4.89433,不值得 
29,【6月1日至高省350】vivo Z3x全面屏智能双摄全网通4G官方旗舰店官网全新限量版手机vivoz3 z3 z1 z3x u1 z,998,10000,vivo官方旗舰店,4.88112,值得
237,新品honor/荣耀 荣耀V20官网降价全面屏华为手机现货Mate20荣耀20,2388,1464,深圳一航,4.88613,不值得 
11,全网通4G天语R7移动联通电信版男女超薄老人机超长待机正品按键直板老年手机大屏大字大声天翼功能小学生备用,68.9,25000,天语强宇专卖店,4.85849,值得
344,领券立减300元 vivo iQOO新品vivoiqoo手机限量版vivo官方旗艦店官网vivox27骁龙855艾酷爱酷游戏手机iq00,2798,1061,vivo天诚专卖店,4.89431,不值得 
93,顺丰速发送耳机】Nokia/诺基亚 新105直板老人机迷你小学生备用手机官方旗舰店超长待机老年非智能儿童经典款,139,3298,京联通达数码旗舰店,4.87786,一般
154,Xiaomi/小米 小米9新手机九se透明版尊享探索plus故宫版10骁龙855,2699,1994,龙通店,4.77704,不值得 
139,【热销爆款】上海中兴守护宝L550 超长待机直板老人手机 大屏大字大声 移动老年手机正品 老人机 学生小手机,85,2203,苏宁易购官方旗舰店,4.89433,不值得 
319,官方Xiaomi/小米 redmi note 7 pro手机红米Note7金刚6 K20正品a,1478,1130,heatlinda,4.80853,不值得 
254,【6+128G赠无线充电宝】Xiaomi/小米小米9 骁龙855全面屏索尼4800万三摄指纹拍照游戏手机官旗王源旗舰,2999,1376,小米官方旗舰店,4.87582,不值得 
336,【限时减400】OPPO K1oppok1手机全新机正品新款oppok1手机限量oppor17oppor15手机oppofindxoppor11sa7xa5a9,1199,1083,oppo平实专卖店,4.92993,不值得 
165,可省300抽大奖 vivo U1手机 vivou1全面屏 新品vivo官网 vivoz3 z1 x30 x21 y97 vivoy93s x23 x9 y85手机,749,1955,三际数码官方旗舰店,4.8495,不值得 
235,官方正品Nokia/诺基亚 新130老人机移动直板按键超长待机大字大声大屏学生儿童男女老年人备用经典迷你小手机,159,1472,天讯蓝图数码专营店,4.856,不值得 
94,送558礼 vivo U1智能手机 vivou1水滴全面屏新品拍照手机官方旗舰店官网 vivoz3 z1 y73 z4 y97 y93s x23,749,3283,vivo衡视专卖店,4.91772,一般
2,【61开门红·旗舰新品 6期免息】Huawei/华为P30 Pro曲面屏超感光徕卡四摄变焦双景录像980芯片智能手机,5488,45000,华为官方旗舰店,4.89257,值得
279,Apple/苹果 iPhone XS Max 港版美版韩版有锁苹果XS iPhoneXS手机,4851,1254,zhuxiaoming1113,4.90527,不值得 
143,ZTE/中兴 L660老人翻盖手机大屏大字大声男女移动联通军工老年手机超长待机正品学生备用功能机按键老手机,179,2136,天中和数码专营店,4.95955,不值得 
270,【3期免息 整点购机赠好礼】realme X 索尼4800万 升降全面屏 VOOC 闪充 3.0 全网通双卡双待正品智能手机,1499,1277,苏宁易购官方旗舰店,4.89433,不值得 
113,官网/降价320元HUAWEI 畅享9 官方正品全面屏千元手机畅享8 9plus,618,2775,龙通店,4.77704,不值得 
167,Apple/苹果 iPhone XS Max新苹果 iPhone xs手机xr国行港有锁美版,4528.2,1936,四川分公司,4.90192,不值得 
252,mate20pro直降1580元Huawei/华为 Mate 20 Pro手机P30降价mate20x,2798,1392,国货平价网,4.86852,不值得 
14,【61开门红·64G买赠华为耳机】Huawei/华为 畅享9 64G 128G全面屏千元高清珍珠屏长续航正品智能游戏手机,1199,20000,华为官方旗舰店,4.89257,值得
262,878元【免息 送碎屏保】华为honor/荣耀 畅玩8C 手机降价 7C 8A,748,1342,龙通店,4.77704,不值得 
10,【6月1-2日32G低至599】Xiaomi/小米 红米6a智能老人学生青春拍照手机小米官方旗舰店正品双卡双待note7红米7,549,25000,小米官方旗舰店,4.87582,值得
316,新品【6期免息+直降300】Huawei/华为 nova 4手机华为官方旗舰店Mate20正品P20新款nova3i降价官网荣耀p30pro,2499,1140,蓝港数码专营店,4.83167,不值得 
123,K-Touch/天语 X15全网通4G正品老人智能手机大字大声大屏老年机超长待机联通移动电信天翼男女款备用学生手机,389,2545,博科雅创数码专营店,4.88937,不值得 
46,索品 S2老人机老年手机超长待机按键直板大屏大字大声移动联通电信版老人手机正品功能机女款学生备用小手机,39,6500,索品数码专营店,4.87346,一般
298,军工三防老人机超长待机移动电信全网通老年人手机新路虎时代k968,65.12,1197,国为数码科技,4.76839,不值得 
80,酷驰 X23水滴屏学生价安卓超薄游戏指纹智能电信全网通手机正品,388,3727,王者通讯2013,4.70688,一般
232,包邮Samsung/三星 GALAXY S9+ plus港版三网通4G盖乐世S9曲屏手机,1354.32,1487,你来我网168168,4.93036,不值得 
187,【低至799元起】 OPPO A5手机全面屏 oppoa5全新手机oppo限量超薄 oppor17 a5 oppor11s r15 a7 a5 oppok1,799,1758,佳惠兴通数码专营店,4.93063,不值得 
291,Apple/苹果 iPhone XS Max全网双卡手机iphonexs苹果xsmax苹果xr,4498.4,1222,zqf794617369,4.98765,不值得 
65,【6月1日至高直降300】vivo S1升降摄像头零界全面屏全网通智能4G手机官方正品vivos1 s1 X27 iqoo x23 s,1798,4754,vivo官方旗舰店,4.88112,一般
74,Apple/苹果 iPhone XS Max 苹果xsmax iphone Xs美版有锁4G手机xr,4255,3993,雅诺芬,4.98982,一般
325,【6期免息/现货当天发】华为honor/荣耀 荣耀V20手机新品官方旗舰店v10降价10麒麟980官网20pro新荣耀magic3,2699,1116,能良数码官方旗舰店,4.8545,不值得 
121,【抢券至高省450赢豪礼】vivo Z3全面屏高通骁龙710处理器闪充智能学生手机官方旗舰店官网正品vivoz3 z3,1298,2572,vivo官方旗舰店,4.88112,不值得 
78,天语I10 迷你智能手机抖音同款学生男网红小手机女可爱超小超薄特小最小全网通电信4G卡片小屏备用袖珍新款型,494,3820,炜广天成数码专营店,4.83138,一般
314,6期免息/送多重壕礼/华为 HUAWEI P30 Pro中移动手机正品官方旗舰店mate 20 Pro X p20 Pro 10plus限量直降,5488,1143,中国移动官方旗舰店,4.97613,不值得 
145,3期免息 Apple/苹果 iPhone XR 苹果xr iphonexr双卡 iphonex手机,3688,2127,诚信手机有限公司,4.96682,不值得 
264,现货Apple/苹果 iPhone XR 苹果xr iphonexr美版国行手机iphonex,4230,1329,wxjking,4.72698,不值得 
338,3期免息 128G直降200】Huawei/华为 畅享9 PLUS 官网官方旗舰店手机正品畅想9plus正品手机mate20pro正品手机,1399,1077,小淘器数码专营店,4.87663,不值得 
15,【61开门红·购机直降150 下单立减100】Huawei/华为 畅享 8e 青春版 4G高清全面屏正品智能学生老人游戏手机,649,20000,华为官方旗舰店,4.89257,值得
